FLOOR,SECTION,STACK_ROOM,SHELF_NO,ROW,SUBJECT,CALLNO_FROM,CALLNO_TO
GROUND,GENERAL,,1,1,EC,EC 006.454 BEC,EC 621.3 HAY
GROUND,GENERAL,,1,2,EC,EC 621.3 INA/1,EC 621.3 SAD
GROUND,GENERAL,,1,3,EC,EC 621.311 BIL,EC 621.381 ARA
GROUND,GENERAL,,1,4,EC,EC 621.381 BAB,EC 621.381 GRO
GROUND,GENERAL,,1,5,EC,EC 621.381 HAY,EC 621.381 MAI
GROUND,GENERAL,,1,6,EC,EC 621.381 MAL,EC 621.381 MIL
GROUND,GENERAL,,2,1,EC,EC 621.381 MIT,EC 621.381 PUN
GROUND,GENERAL,,2,2,EC,EC 621.381 RAM,EC 621.381 SED
GROUND,GENERAL,,2,3,EC,EC 621.381 SIN,EC 621.381 ZBA
GROUND,GENERAL,,2,4,EC,EC 621.38104 HSU,EC 621.3813 KUL
GROUND,GENERAL,,2,5,EC,EC 621.3813 KUL,EC 621.38133 ROY
GROUND,GENERAL,,2,6,EC,EC 621.3815 AGA,EC 621.3815 BEL
GROUND,GENERAL,,3,1,EC,EC 621.3815 BEL,EC 621.3815 FLO
GROUND,GENERAL,,3,2,EC,EC 621.3815 FRA,EC 621.3815 MAH
GROUND,GENERAL,,3,3,EC,EC 621.3815 MAR,EC 621.3815 NAG
GROUND,GENERAL,,3,4,EC,EC 621.3815 PAL,EC 621.3815 SAT
GROUND,GENERAL,,3,5,EC,EC 621.3815 SAT,EC 621.3815 SUR
GROUND,GENERAL,,3,6,EC,EC 621.3815 TER,EC 621.38152 SZE
GROUND,GENERAL,,4,1,EC,EC 621.38152 SZE,EC 621.382 CHA
GROUND,GENERAL,,4,2,EC,EC 621.382 CHA/P,EC 621.382 HAY
GROUND,GENERAL,,4,3,EC,EC 621.382 HOU,EC 621.382 PAN
GROUND,GENERAL,,4,4,EC,EC 621.382 PET,EC 621.382 RIC
GROUND,GENERAL,,4,5,EC,EC 621.382 ROD,EC 621.382 SKL
GROUND,GENERAL,,4,6,EC,EC 621.382 SKL,EC 621.382 TOM
GROUND,GENERAL,,5,1,EC,EC 621.382011 JER,EC 621.3821 LEO
GROUND,GENERAL,,5,2,EC,EC 621.3821 MIT,EC 621.38216 MIL
GROUND,GENERAL,,5,3,EC,EC 621.38216 MIL,EC 621.3822 CHA
GROUND,GENERAL,,5,4,EC,EC 621.3822 CHE,EC 621.3822 KAN
GROUND,GENERAL,,5,5,EC,EC 621.3822 KAT,EC 621.3822 PRO
GROUND,GENERAL,,5,6,EC,EC 621.3822 RAB,EC 621.3822 STE
GROUND,GENERAL,,6,1,EC,EC 621.3822 TAN,EC 621.38223 NAG
GROUND,GENERAL,,6,2,EC,EC 621.38223 OPP,EC 621.3827 GOW
GROUND,GENERAL,,6,3,EC,EC 621.38275 AGR,EC 621.38275 SEN
GROUND,GENERAL,,6,4,EC,EC 621.384 GUP,EC 621.38483 ELL
GROUND,GENERAL,,6,5,EC,EC 621.38483 KRA,EC 621.388 GUL
GROUND,GENERAL,,6,6,EC,EC 621.388 GUL,EC 621.3916 DEC
GROUND,GENERAL,,7,1,EC,EC 621.3916 GAN,EC 621.3916 MAN
GROUND,GENERAL,,7,2,EC,EC 621.3916 MAT,EC 621.3916 VFF
GROUND,GENERAL,,7,3,EC,EC 621.3916 UFF,EC 621.395 FLE
GROUND,GENERAL,,7,4,EC,EC 621.395 FLE,EC 621.395 LEA
GROUND,GENERAL,,7,5,EC,EC 621.395 LIE,EC 621.395 PAR
GROUND,GENERAL,,7,6,EC,EC 621.395 PED,EC 621.395 SZE
GROUND,GENERAL,,8,1,EC,EC 621.395 TAU,EC 621.395 WAK
GROUND,GENERAL,,8,2,EC,EC 621.395 WAK,EC 621.3981 COX
GROUND,GENERAL,,8,3,EC,EC 621.3981 DES,EC 621.3981 PRE
GROUND,GENERAL,,8,4,EC,EC 621.3981 PRE,EC 629.895 MAZ
GROUND,GENERAL,,8,5,EC,EC 681.2 KAR,EC 910.285 KUM
GROUND,GENERAL,,9,1,CS,CS 001.5 SUS,CS 004 JAG
GROUND,GENERAL,,9,2,CS,CS 004 LEO,CS 004.16 GAB
GROUND,GENERAL,,9,3,CS,CS 004.16 GIL,CS 004.22 HAM
GROUND,GENERAL,,9,4,CS,CS 004.22 HEN,CS 004.22 TAN
GROUND,GENERAL,,9,5,CS,CS 004.33 SIM,CS 004.6 KAM
GROUND,GENERAL,,9,6,CS,CS 004.6 STA,CS 004.65 BER
GROUND,GENERAL,,10,1,CS,CS 004.65 BLA,CS 004.65 TAN
GROUND,GENERAL,,10,2,CS,CS 004.65 WHI,CS 004.678 LYN
GROUND,GENERAL,,10,3,CS,CS 004.678 NAP,CS 005.10685 KAN
GROUND,GENERAL,,10,4,CS,CS 005.11 AGG,CS 005.11 TAX
GROUND,GENERAL,,10,5,CS,CS 005.11SOM,CS 005.131 HOP
GROUND,GENERAL,,10,6,CS,CS 005.131 KOH,CS 005.133 B BAL
GROUND,GENERAL,,11,1,CS,CS 005.133 B COR,CS 005.133C KAN
GROUND,GENERAL,,11,2,CS,CS 005.133 C KAN,CS 005.133 C
GROUND,GENERAL,,11,5,CS,CS 005.133 CB BAL,CS 005.133 J JAI
GROUND,GENERAL,,11,6,CS,CS 005.133 J KOG,CS 005.265 ABE
GROUND,GENERAL,,12,1,CS,CS 005.275 LIN,CS 005.432 BEC
GROUND,GENERAL,,12,2,CS,CS 005.432 CHO,CS 005.432 TAN
GROUND,GENERAL,,12,3,CS,CS 005.432 L BOB,CS 005.4476 CHO
GROUND,GENERAL,,12,4,CS,CS 005.453 AHO,CS 005.73 PRA
GROUND,GENERAL,,12,5,CS,CS 005.73 WAI,CS 005.73 J GOO
GROUND,GENERAL,,12,6,CS,CS 005.73 J HUB,CS 005.74 NAR
GROUND,GENERAL,,13,1,CS,CS 005.74 OPP,CS 005.74 ULL
GROUND,GENERAL,,13,3,CS,CS 006 BIT,CS006.312 WEI
GROUND,GENERAL,,13,4,CS,CS 006.32 AND,CS 006.32 YEG
GROUND,GENERAL,,13,5,CS,CS 006.32 ZUR,CS 006.454 JUR
GROUND,GENERAL,,13,6,CS,CS 006.5 QUA,CS 006.5 QUA
GROUND,GENERAL,,14,1,CS,CS 006.6 CHO,CS 006.6 C HEA
GROUND,GENERAL,,14,2,CS,CS 006.6 HIL,CS 006.7 STE
GROUND,GENERAL,,14,3,CS,CS 006.76 BAL,CS 670.285 GRO
GROUND,GENERAL,,14,4,CS,CS 670.285 GRO,CS 910.285 HEY
GROUND,GENERAL,,15,1,MCA,MCA 001.424 GIL,MCA 004.16 CLE
GROUND,GENERAL,,15,2,MCA,MCA 004.16 NIS,MCA 004.22 SIM
GROUND,GENERAL,,15,3,MCA,MCA 004.22 SIM, MCA 004.36 ORF
GROUND,GENERAL,,15,4,MCA,MCA 004.36 SMI,MCA 004.65 TAN
GROUND,GENERAL,,15,5,MCA,MCA 004.65 ZAC, MCA 004.7 LOT
GROUND,GENERAL,,15,6,MCA,MCA 005.1 AHO,MCA 005.1 KNU
GROUND,GENERAL,,16,1,MCA,MCA 005.1 LEV,MCA 005.11 BEH
GROUND,GENERAL,,16,2,MCA,MCA 005.11 ROY,MCA 005.117 SAT
GROUND,GENERAL,,16,3,MCA,MCA 005.12 ALH,MCA 005.133 B KRI
GROUND,GENERAL,,16,4,MCA,MCA 005.113 C BRO,MCA 005.133 C FOR
GROUND,GENERAL,,16,5,MCA,MCA 005.133 C GOT,MCA 005.133 C VEC
GROUND,GENERAL,,17,3,MCA,MCA 005.133 J ECK,MCA 005.133 X IBM
GROUND,GENERAL,,17,4,MCA,MCA 005.14 DES,MCA 005.42 DHA
GROUND,GENERAL,,17,5,MCA,MCA 005.42 DON,MCA 005.432 DEI
GROUND,GENERAL,,17,6,MCA,MCA 005.432 MIL,MCA 005.432 SIN
GROUND,GENERAL,,18,1,MCA,MCA 005.432 TAN,MCA 005.432 WI PET
GROUND,GENERAL,,18,2,MCA,MCA 005.4462 COL,MCA 005.73 C
GROUND,GENERAL,,18,4,MCA,MCA 005.74 ULL,MCA 005.82 STA
GROUND,GENERAL,,18,5,MCA,MCA 005.82 TRA,MCA 006.3 ROI
GROUND,GENERAL,,18,6,MCA,MCA 006.3 WIN,MCA 006.6 ESS
GROUND,GENERAL,,19,1,MCA,MCA 006.6 FOL,MCA 006.6 XIA
GROUND,GENERAL,,19,2,MCA,MCA 006.7 GUP,MCA 006.78 BUY
GROUND,GENERAL,,19,3,MCA,MCA 055.1 CHA,MCA 512 TRE
GROUND,GENERAL,,19,4,MCA,MCA 512 VEE,MCA 519.72 
GROUND,GENERAL,,19,5,MCA,MCA 572.8 BAR,MCA 621.382 BLA
GROUND,GENERAL,,19,6,MCA,MCA 621.3916 ANT,MCA 621.3916 LIU
GROUND,GENERAL,,20,1,MCA,MCA 621.3916 RAF,MCA 621.392 PER
GROUND,GENERAL,,20,2,MCA,MCA 621.395 FLO,MCA 658 MAS
GROUND,GENERAL,,20,3,MCA,MCA 658.15 HAN,MCA 658.4038 EFF
GROUND,GENERAL,,20,4,MCA,MCA 658.4038 LAU,MCA 808.0666 RIZ
GROUND,GENERAL,,21,1,MCA,EE 333.79 AND,EE 621.31 BHA
GROUND,GENERAL,,21,2,MCA,EE 621.31 BHA,EE 621.31 NAI
GROUND,GENERAL,,21,3,MCA,EE 621.31 NAI,EE 621.31 THE
GROUND,GENERAL,,21,4,MCA,EE 621.31 THE,EE 621.31042 FIT
GROUND,GENERAL,,21,5,MCA,EE 621.31042 GUP,EE 621.31042 LAN
GROUND,GENERAL,,21,6,MCA,EE 621.31042 LAN,EE 621.3121 ARO
GROUND,GENERAL,,22,1,MCA,EE 621.3121 ARO,EE 621.3121 NAG
GROUND,GENERAL,,22,2,MCA,EE 621.3121 NAI,EE 621.3121 TAY
GROUND,GENERAL,,22,3,MCA,EE 621.3121 WAD,EE 621.317 GUP
GROUND,GENERAL,,22,4,MCA,EE 621.317 GUP,EE 621.317 MOH
GROUND,GENERAL,,22,5,MCA,EE 621.317 MOH,EE 621.317 SEN
GROUND,GENERAL,,22,6,MCA,EE 621.317 SEN,EE 621.3191 DIX
GROUND,GENERAL,,23,1,MCA,EE 621.3191 DUG,EE 621.3191 WED
GROUND,GENERAL,,23,2,MCA,EE 621.31913 BEG,EE 621.3192 DES
GROUND,GENERAL,,23,3,MCA,EE 621.3192 DES,EE 621.3192 RAS
GROUND,GENERAL,,23,4,MCA,EE 621.3192 RAS,EE 621.3815287 RAM
GROUND,GENERAL,,23,5,MCA,EE 621.89 GOP,EE 629.83 APP
GROUND,GENERAL,,23,6,MCA,EE 629.83 ANA,EE 629.83 NAG
GROUND,GENERAL,,24,1,MCA,EE 629.83 GHO,EE 629.83 OGA
GROUND,GENERAL,,24,2,MCA,EE 629.83 OGA,EE 629.83 XAV
GROUND,GENERAL,,24,3,MCA,EE 629.832 NAR,EE 629.89 RAV
GROUND,GENERAL,,25,1,ME,ME 004.16 ZAC,ME 530.12 PEE
GROUND,GENERAL,,25,2,ME,ME 532.053 BAL,ME 604.2 GIL
GROUND,GENERAL,,25,3,ME,ME 604.2 JOH,ME 620 ADI
GROUND,GENERAL,,25,4,ME,ME 620 CHI,ME 620.0042 HAI
GROUND,GENERAL,,25,5,ME,ME 620.0042 KOS,ME 620.00452 BAL
GROUND,GENERAL,,25,6,ME,ME 620.00452 SRI,ME 620.1 BEE
GROUND,GENERAL,,26,1,ME,ME 620.1 BEE,ME 620.1 KUM
GROUND,GENERAL,,26,2,ME,ME 620.1 KUM,ME 620.1 SHA
GROUND,GENERAL,,26,3,ME,ME 620.1 SHA,ME 620.105 POP
GROUND,GENERAL,,26,4,ME,ME 620.105 POP,ME 620.106 RAM
GROUND,GENERAL,,26,5,ME,ME 620.106 RAJ,ME 620.106 TRU
GROUND,GENERAL,,26,6,ME,ME 620.1064 SUB,ME 620.106407 AND
GROUND,GENERAL,,27,1,ME,ME 620.106407 AND,ME 620.11 RAG
GROUND,GENERAL,,27,2,ME,ME 620.11 VAN,ME 620.112 SUB
GROUND,GENERAL,,27,3,ME,ME 620.112 RAT,ME 620.16 DIE
GROUND,GENERAL,,27,4,ME,ME 620.16 DIE,ME 621 BHA
GROUND,GENERAL,,27,5,ME,ME 621 CHA,ME 621 RAJ
GROUND,GENERAL,,27,6,ME,ME 621 RAM,ME 621.042 TWI
GROUND,GENERAL,,28,1,ME,ME 621.042 TWI,ME 621.078 RAG
GROUND,GENERAL,,28,2,ME,ME 621.1074 RAT,ME 621.2 RAJ
GROUND,GENERAL,,28,3,ME,ME 621.2 RAJ,ME 621.402 BAL
GROUND,GENERAL,,28,4,ME,ME 621.402 BAL,ME 621.2 SOM
GROUND,GENERAL,,28,5,ME,ME 621.4021 ARO,ME 621.402 JEY
GROUND,GENERAL,,28,6,ME,ME 621.4021 MCG,ME 621.4021 ROG
GROUND,GENERAL,,29,1,ME,ME 621.4021 ROG,ME 621.4021 WON
GROUND,GENERAL,,29,2,ME,ME 621.4022 CHE,ME 621.4022 RAJ
GROUND,GENERAL,,29,3,ME,ME 621.4022 RAO,ME 621.406 VEN
GROUND,GENERAL,,29,4,ME,ME 621.406 VEN,ME 621.43 GAN
GROUND,GENERAL,,29,5,ME,ME 621.43 GUP,ME 621.433 SAR
GROUND,GENERAL,,29,6,ME,ME 621.433 SAR,ME 621.483 ELW
GROUND,GENERAL,,30,1,ME,ME 621.483 ELW,ME 621.483 NAG
GROUND,GENERAL,,30,2,ME,ME 621.483 NAG,ME 621.56 KHU
GROUND,GENERAL,,30,3,ME,ME 621.56 PRA,ME 621.8 RAT
GROUND,GENERAL,,30,4,ME,ME 621.8 SHA,ME 621.811 AMB
GROUND,GENERAL,,30,5,ME,ME 621.815 BHA,ME 621.815 SHI
GROUND,GENERAL,,30,6,ME,ME 621.816 BLO,ME 624.171 VAZ
GROUND,GENERAL,,31,1,ME,ME 624.1776 TIM,ME 629.2 CHO
GROUND,GENERAL,,31,2,ME,ME 629.2 GIL,ME 629.287 ERJ
GROUND,GENERAL,,31,3,ME,ME 629.28 CRO,ME 629.892 MAS
GROUND,GENERAL,,31,4,ME,ME 658.5 MAH,ME 669.9 AVN
GROUND,GENERAL,,31,5,ME,ME 669.9 AVN,ME 670.285 CHA
GROUND,GENERAL,,32,1,ME,ME 670.285 KES,ME 670.423 TEJ
GROUND,GENERAL,,32,2,ME,ME 670.423 TEJ,ME 671.52 JEF
GROUND,GENERAL,,32,3,ME,ME 671.52 KHA,ME 671.35 JAI
GROUND,GENERAL,,33,1,CE,CE 333.79 KHA,CE 526.9 RAN
GROUND,GENERAL,,33,2,CE,CE 526.9 ROY,CE 620.105 SIN
GROUND,GENERAL,,33,3,CE,CE 620.112 BAN,CE 620.112 NAS
GROUND,GENERAL,,33,4,CE,CE 620.112 RAJ,CE 620.112 PRA
GROUND,GENERAL,,33,5,CE,CE 620.136 SHE,CE 624 KAN
GROUND,GENERAL,,33,5,CE,CE 624.1 CEN,CE 620.1513 SIN
GROUND,GENERAL,,34,1,CE,CE 624.17 MAN,CE 624.17 ZIE
GROUND,GENERAL,,34,2,CE,CE 624.171 MEN,CE 624.171 MEN/A
GROUND,GENERAL,,34,3,CE,CE 624.171 NAV,CE 624.171 VAZ
GROUND,GENERAL,,34,4,CE,CE 624.171 VAZ,CE 624.1821 BHA
GROUND,GENERAL,,34,5,CE,CE 624.1821 BHA,CE 624.1821 DUG
GROUND,GENERAL,,34,6,CE,CE 624.1821 GAY,CE 624.18341 KRI
GROUND,GENERAL,,35,1,CE,CE 624.18341 PUN,CE 625 SAX
GROUND,GENERAL,,35,2,CE,CE 625.14 MUN,CE 627.52 PUN
GROUND,GENERAL,,35,3,CE,CE 628 ALL,CE 629.04 CHA
GROUND,GENERAL,,35,4,CE,CE 629.04 CHA,CE 690 RAN
GROUND,GENERAL,,35,5,CE,CE 690 SUG,CE 721.046 KOE
GROUND,GENERAL,,41,1,MH,MH 510.0245 LYO,MH 510.02462 GAN
GROUND,GENERAL,,41,2,MH,MH 510.02462 GRE,MH 510.02462 KRE
GROUND,GENERAL,,41,3,MH,MH 510.02462 LAK,MH 510.02462 SRI
GROUND,GENERAL,,41,4,MH,MH 510.02462 TAN,MH 511.3 ROS
GROUND,GENERAL,,41,5,MH,MH 511.3 ROS,MH 512 KOL
GROUND,GENERAL,,41,6,MH,MH 512 KOL,MH 512.5 HOT
GROUND,GENERAL,,42,1,MH,MH 512.5 LAY,MH 515 THO
GROUND,GENERAL,,42,2,MH,MH 515.2433 BAC,MH 515.6 BAL
GROUND,GENERAL,,42,3,MH,MH 516.6 CHA,MH 515.602462 SAN
GROUND,GENERAL,,42,4,MH,MH 515.63 SPI,MH 519.02462 JOH
GROUND,GENERAL,,42,5,MH,MH 519.2 ALL,MH 519.2 ROS
GROUND,GENERAL,,43,1,MH,MH 519.2 STA,MH 519.7 GUP
GROUND,GENERAL,,43,2,MH,MH 519.7 GUP,MH 620.0015196 RAO
GROUND,GENERAL,,43,3,MH,MH 620.0015196 RAO,MH 620.001596 RAO
GROUND,GENERAL,,44,1,MH,EL 302.2 GAM,EL 421.55 SET
GROUND,GENERAL,,44,2,MH,EL 423.1 SHA,EL 658.45 MOH
GROUND,GENERAL,,44,3,MH,EL 658.45 PRA,EL 820.8 REE
GROUND,GENERAL,,48,1,MH,CH 540 JON,CH 540.2462 AGG
GROUND,GENERAL,,48,2,MH,CH 540.2462 DAR,CH 540.2462 UPP
GROUND,GENERAL,,48,3,MH,CH 541.2242 GOP,CH 547.2 BHA/V.2
GROUND,GENERAL,,48,4,MH,CH 547.7 GOW,CH 690 CHU
GROUND,GENERAL,,47,1,MH,PH 530 ABH,PH 530.02462 PAL
GROUND,GENERAL,,47,2,MH,PH 530.02462 PAN,PH 530.02462 VAS
GROUND,GENERAL,,47,3,MH,PH 530.078 ABD,PH 537.622 NEA
GROUND,GENERAL,,47,4,MH,PH 539 MUR,PH 621.3694 BOY
GROUND,GENERAL,,46,1,MH,EM 330 AGA,EM 330 DEW
GROUND,GENERAL,,46,2,MH,EM 330 EMM,EM 620.8 HEN
GROUND,GENERAL,,46,3,MH,MG 001.42 CHA,MG 658.4011 GUP
GROUND,GENERAL,,46,4,MH,MG 658.4011 MAH,MG 658.5 BAN
GROUND,GENERAL,,46,5,MH,MG 658.5 BAN,MG 658.57 KOT
GROUND,GENERAL,,46,6,MH,MG 658.56 JAI,MG 658.562 WAD
GROUND,GENERAL,,49,1,EI,EI 003.7 TRI,EI 620.0044 SAW
GROUND,GENERAL,,49,2,EI,EI 621.31913 HIN,EI 621.38154 GOH
GROUND,GENERAL,,49,3,EI,EI 621.38154 GUP,EI 621.38154 RAJ
GROUND,GENERAL,,49,4,EI,EI 621.38154 RAN,EI 629.8 COU
GROUND,GENERAL,,49,5,EI,EI 629.8 HAR,EI 660.281 AUS
GROUND,GENERAL,,49,6,EI,EI 660.2815 CHI,EI 681.2 KEN
GROUND,BOOK BANK,2,,1,,FIRST YEAR BOOKS,,
GROUND,BOOK BANK,2,,2,,FIRST YEAR BOOKS,,
GROUND,BOOK BANK,2,,3,,FIRST YEAR BOOKS,,
GROUND,BOOK BANK,2,,4,,FIRST YEAR BOOKS,,
GROUND,BOOK BANK,2,,5,,FIRST YEAR BOOKS,,
GROUND,BOOK BANK,2,,6,,FIRST YEAR BOOKS,,
GROUND,BOOK BANK,2,,7,,FIRST YEAR BOOKS,,
GROUND,BOOK BANK,2,,8,,FIRST YEAR BOOKS,,
GROUND,BOOK BANK,2,,9,,FIRST YEAR BOOKS,,
GROUND,BOOK BANK,2,,10,,FIRST YEAR BOOKS,,
GROUND,BOOK BANK,2,,11,,FIRST YEAR BOOKS,,
GROUND,BOOK BANK,2,,12,,FIRST YEAR BOOKS,,
GROUND,BOOK BANK,2,,13,,FIRST YEAR BOOKS,,
GROUND,BOOK BANK,2,,14,,FIRST YEAR BOOKS,,
GROUND,BOOK BANK,2,,15,,ELECTRONICS AND COMMUNICATION ENGINEERING,,
GROUND,BOOK BANK,2,,16,,ELECTRONICS AND COMMUNICATION ENGINEERING,,
GROUND,BOOK BANK,2,,17,,ELECTRONICS AND COMMUNICATION ENGINEERING,,
GROUND,BOOK BANK,2,,18,,ELECTRONICS AND COMMUNICATION ENGINEERING,,
GROUND,BOOK BANK,2,,19,,ELECTRONICS AND COMMUNICATION ENGINEERING,,
GROUND,BOOK BANK,2,,20,,ELECTRONICS AND COMMUNICATION ENGINEERING,,
GROUND,BOOK BANK,2,,21,,ELECTRONICS AND COMMUNICATION ENGINEERING,,
GROUND,BOOK BANK,2,,22,,ELECTRONICS AND INSTRUMENTATION,,
GROUND,BOOK BANK,2,,23,,ELECTRONICS AND INSTRUMENTATION,,
GROUND,BOOK BANK,2,,24,,ELECTRICAL AND ELECTRONICS ENGINEERING,,
GROUND,BOOK BANK,2,,25,,ELECTRICAL AND ELECTRONICS ENGINEERING,,
GROUND,BOOK BANK,2,,26,,ELECTRICAL AND ELECTRONICS ENGINEERING,,
GROUND,BOOK BANK,2,,27,,CIVIL ENGINEERING,,
GROUND,BOOK BANK,2,,28,,CIVIL ENGINEERING,,
GROUND,BOOK BANK,2,,29,,CIVIL ENGINEERING,,
GROUND,BOOK BANK,2,,30,,MECHANICAL ENGINEERING,,
GROUND,BOOK BANK,2,,31,,MECHANICAL ENGINEERING,,
GROUND,BOOK BANK,2,,32,,MECHANICAL ENGINEERING,,
GROUND,BOOK BANK,2,,33,,COMPUTER SCIENCE,,
GROUND,BOOK BANK,2,,34,,MASTER OF COMPUTER APPLICATIONS,,
GROUND,BOOK BANK,2,,35,,ECONOMICS,,
GROUND,BOOK BANK,2,,36,,MANAGEMENT,,
GROUND,BOOK BANK,2,,37,,MCA,,
GROUND,BOOK BANK,2,,38,,COMPUTER SCIENCE,,
GROUND,BOOK BANK,2,,39,,COMPUTER SCIENCE,,
GROUND,BOOK BANK,2,,40,,COMPUTER SCIENCE,,
GROUND,BOOK BANK,2,,41,,COMPUTER SCIENCE,,
GROUND,BOOK BANK,2,,42,,COMPUTER SCIENCE,,
GROUND,BOOK BANK,2,,43,,COMPUTER SCIENCE,,
GROUND,BOOK BANK,2,,44,,COMPUTER SCIENCE,,
SECOND,REFERENCE,,1,1,MCA,MCA 001.424 GIL    , MCA 004.35 DON
SECOND,REFERENCE,,1,2,MCA,MCA 004 NAM   , MCA 004.35 DON
SECOND,REFERENCE,,1,3,MCA,MCA 004.1 LEO  , MCA 004.35 DON
SECOND,REFERENCE,,1,4,MCA,MCA 004.165 ROD   , MCA 004.35 DON
SECOND,REFERENCE,,2,1,MCA,MCA 004.21 SAT   , MCA 004.35 DON
SECOND,REFERENCE,,2,2,MCA,MCA 004.22 PAR , MCA 004.35 DON
SECOND,REFERENCE,,2,3,MCA,MCA 004.35 FLY , MCA 004.54 BRO
SECOND,REFERENCE,,2,4,MCA,MCA 004.6 ASH , MCA 004.62 COM
SECOND,REFERENCE,,3,1,MCA,MCA 004.62 FOR , MCA 004.65 MAN
SECOND,REFERENCE,,3,2,MCA,MCA 004.65 MCC , MCA 004.678 BUR
SECOND,REFERENCE,,3,3,MCA,MCA 004.678 COM , MCA 004.68 CHO
SECOND,REFERENCE,,3,4,MCA,MCA 004.68 COM , MCA 005.1 DAS
SECOND,REFERENCE,,4,1,MCA,MCA 005.1 DAV , MCA 005.1 SPR
SECOND,REFERENCE,,4,2,MCA,MCA 005.1 TAM , MCA 005.11 MOH
SECOND,REFERENCE,,4,3,MCA,MCA 005.11 PET , MCA 005.115 MAN
SECOND,REFERENCE,,4,4,MCA,MCA 005.115 MAN , MCA 005.12 MUS
SECOND,REFERENCE,,5,1,MCA,MCA 005.12 ODO , MCA 005.131 SUD
SECOND,REFERENCE,,5,2,MCA,MCA 005.131 XAV , MCA 005.133 SCA
SECOND,REFERENCE,,5,3,MCA,MCA 005.133 SCH , MCA 005.133 B
SECOND,REFERENCE,,6,1,MCA,MCA 005.133 C DEI , MCA 005.133 C KAN
SECOND,REFERENCE,,6,2,MCA,MCA 005.133 C KAN , MCA 005.133 C VAR
SECOND,REFERENCE,,6,3,MCA,MCA 005.133 C VEE , MCA 005.133 C
SECOND,REFERENCE,,8,1,MCA,MCA 005.133 H MOR , MCA 005.133 J GIL
SECOND,REFERENCE,,8,2,MCA,MCA 005.133 J GOO , MCA 005.133 J JAW
SECOND,REFERENCE,,8,3,MCA,MCA 005.133 J JEN , MCA 005.133 J SCH/J
SECOND,REFERENCE,,8,4,MCA,MCA 005.133 J SCH/J , MCA 005.133 L WIN
SECOND,REFERENCE,,9,1,MCA,MCA 005.133 P BRO , MCA 005.26 DRE
SECOND,REFERENCE,,9,2,MCA,MCA 005.26 LEE , MCA 005.276 CHI
SECOND,REFERENCE,,9,3,MCA,MCA 005.276 CON , MCA 005.276 WAL
SECOND,REFERENCE,,10,1,MCA,MCA 005.369 MIC , MCA 005.432 DEI
SECOND,REFERENCE,,10,2,MCA,MCA 005.432 FLY , MCA 005.432 TAN
SECOND,REFERENCE,,10,3,MCA,MCA 005.432 TAN , MCA 005.432 U LEV
SECOND,REFERENCE,,10,4,MCA,MCA 005.432 U NOR , MCA 005.432 WI PET
SECOND,REFERENCE,,11,1,MCA,MCA 005.432 WI STA , MCA 005.72 VAS
SECOND,REFERENCE,,11,1,MCA,MCA 005.73 AHO , MCA 005.73 C HOR
SECOND,REFERENCE,,11,3,MCA,MCA 005.73 C LIP , MCA 005.73 C
SECOND,REFERENCE,,11,4,MCA,MCA 005.73 J DRO , MCA 005.74 GRO
SECOND,REFERENCE,,12,1,MCA,MCA 005.74 HAN , MCA 005.74 RIT
SECOND,REFERENCE,,12,2,MCA,MCA 005.74 ROB , MCA 005.75 DES
SECOND,REFERENCE,,12,3,MCA,MCA 005.75 ELS , MCA 005.7565 EAR
SECOND,REFERENCE,,12,4,MCA,MCA 005.7565 LON , MCA 005.8 GOL
SECOND,REFERENCE,,13,1,MCA,MCA 005.8 JEN  , MCA 005.805 GOD
SECOND,REFERENCE,,13,2,MCA,MCA 005.82 BON , MCA 006.3 KHE
SECOND,REFERENCE,,13,3,MCA,MCA 006.3 KON , MCA 006.32 CIR
SECOND,REFERENCE,,13,4,MCA,MCA 006.32 FRE , MCA 006.4 WOO
SECOND,REFERENCE,,14,1,MCA,MCA 006.420 GOS , MCA 006.6 NAI
SECOND,REFERENCE,,14,2,MCA,MCA 006.6 NEW , MCA 006.7 BAN
SECOND,REFERENCE,,14,3,MCA,MCA 006.7 BAN, MCA 004.35 DON
SECOND,REFERENCE,,14,4,MCA,MCA 006.7 RAO , MCA 006.77 GAL
SECOND,REFERENCE,,15,1,MCA,MCA 006.77 MCK , MCA 510.21 GRI
SECOND,REFERENCE,,15,2,MCA,MCA 511.3 YEN , MCA 512 VEE
SECOND,REFERENCE,,15,3,MCA,MCA 515 RIZ , MCA 519.2 TRI
SECOND,REFERENCE,,15,4,MCA,MCA 519.3 DEB , MCA 519.7 RIC
SECOND,REFERENCE,,16,1,MCA,MCA 519.7 SRI  , MCA 004.35 DON
SECOND,REFERENCE,,16,2,MCA,MCA 621.367 JAI  , MCA 004.35 DON
SECOND,REFERENCE,,16,3,MCA,MCA 621.3821 HAS , MCA 621.39 HIL
SECOND,REFERENCE,,16,4,MCA,MCA 621.3916 ANT , MCA 621.3916 DAS
SECOND,REFERENCE,,17,1,MCA,MCA 621.3916 HAL , MCA 621.395 ESH
SECOND,REFERENCE,,17,2,MCA,MCA 621.395 FLO , MCA 621.395 YAR
SECOND,REFERENCE,,17,3,MCA,MCA 621.3981 AYA , MCA 658.1511 SRI
SECOND,REFERENCE,,17,4,MCA,MCA 658.4 ALB , MCA 658.4013 VOH
SECOND,REFERENCE,,18,1,MCA,MCA 658.4032 VAN , MCA 004.35 DON
SECOND,REFERENCE,,18,2,MCA,MCA 658.4038 LUC , MCA 658.421 GRE
SECOND,REFERENCE,,18,3,MCA,MCA 658.421 LAL, MCA 910.285 HEY
SECOND,ENGINEERING REFERENCE,2,1,1,EC,EC 003.54  WEL ,EC 620.2 EVE
SECOND,ENGINEERING REFERENCE,2,1,2,EC,EC 620.3 MEI,EC 621.3 KSH
SECOND,ENGINEERING REFERENCE,2,1,3,EC,EC 621.3 LAU,EC 621.3 PRE
SECOND,ENGINEERING REFERENCE,2,1,4,EC,EC 621.3 RAM,EC 621.319 RAJ
SECOND,ENGINEERING REFERENCE,2,2,1,EC,EC 621.31913 ,EC 621.367 PRA/D
SECOND,ENGINEERING REFERENCE,2,2,2,EC,EC 621.367 PAK,EC 621.3743 BPB
SECOND,ENGINEERING REFERENCE,2,2,3,EC,EC 621.38 BHA ,EC 621.381 DUN
SECOND,ENGINEERING REFERENCE,2,2,4,EC,EC 621.381 EFY/V.1,EC 621.381 GRI
SECOND,ENGINEERING REFERENCE,2,3,1,EC,EC 621.381 GRO,EC 621.381 MAL
SECOND,ENGINEERING REFERENCE,2,3,2,EC,EC 621.381 MAL,EC 621.381 PAU
SECOND,ENGINEERING REFERENCE,2,3,3,EC,EC 621.381 PAU,EC 621.381 SUR
SECOND,ENGINEERING REFERENCE,2,3,4,EC,EC 621.381 SAH,EC 621.381 TAY
SECOND,ENGINEERING REFERENCE,2,4,1,EC,EC 621.381045 GUP,EC 621.3813 DAS
SECOND,ENGINEERING REFERENCE,2,4,2,EC,EC 621.3813 GUP,EC 621.3813 VED
SECOND,ENGINEERING REFERENCE,2,4,3,EC,EC 621.3813 VED,EC 621.3815 BEL
SECOND,ENGINEERING REFERENCE,2,4,4,EC,EC 621.3815 BHA,EC 621.3815 BUR
SECOND,ENGINEERING REFERENCE,2,5,1,EC,EC 621.3815 CAR,EC 621.3815 ELL
SECOND,ENGINEERING REFERENCE,2,5,2,EC,EC 621.3815 FIO,EC 621.3815 HEA
SECOND,ENGINEERING REFERENCE,2,5,3,EC,EC 621.3815 HIL,EC 621.3815  LEE
SECOND,ENGINEERING REFERENCE,2,5,4,EC,EC 621.3815 MAH,EC 621.3815 MON
SECOND,ENGINEERING REFERENCE,2,6,1,EC,EC 621.3815 MON,EC 621.3815 RAJ
SECOND,ENGINEERING REFERENCE,2,6,2,EC,EC 621.3815 RAM,EC 621.3815 SHA
SECOND,ENGINEERING REFERENCE,2,6,3,EC,EC 621.3815 SIN,EC 621.3815 SUK
SECOND,ENGINEERING REFERENCE,2,6,4,EC,EC 621.3815 THO,EC 621.38152 BHA
SECOND,ENGINEERING REFERENCE,2,7,1,EC,EC 621.38152 BPB,EC 621.38152 ROY
SECOND,ENGINEERING REFERENCE,2,7,2,EC,EC 621.38152 SHA,EC 621.381531 CAL
SECOND,ENGINEERING REFERENCE,2,7,3,EC,EC 621.381532 SAY,EC 621.38159 VAN
SECOND,ENGINEERING REFERENCE,2,7,4,EC,EC 621.38171 GHA,EC 621.382 BHA
SECOND,ENGINEERING REFERENCE,2,7,1,EC,EC 621.382 BHA,EC 621.382 FEH
SECOND,ENGINEERING REFERENCE,2,7,2,EC,EC 621.382 FRA,EC 621.382 HAR
SECOND,ENGINEERING REFERENCE,2,7,3,EC,EC 621.382 HAY,EC 621.382 KEN
SECOND,ENGINEERING REFERENCE,2,7,4,EC,EC 621.382 KEN,EC 621.382 MIS
SECOND,ENGINEERING REFERENCE,2,9,1,EC,EC 621.382 MOL,EC 621.382 RAV
SECOND,ENGINEERING REFERENCE,2,9,2,EC,EC 621.382 REK,EC 621.382 SHO
SECOND,ENGINEERING REFERENCE,2,9,3,EC,EC 621.382 SHR,EC 621.382 TRI
SECOND,ENGINEERING REFERENCE,2,9,4,EC,EC 621.382 TRI,EC 621.3821 BRA
SECOND,ENGINEERING REFERENCE,2,10,1,EC,EC 621.3821 CHO,EC 621.3821 PRI
SECOND,ENGINEERING REFERENCE,2,10,2,EC,EC 621.3821 RAM,EC 621.3822 AMB
SECOND,ENGINEERING REFERENCE,2,10,3,EC,EC 621.3822 ANT,EC 621.3822 CHA
SECOND,ENGINEERING REFERENCE,2,10,4,EC,EC 621.3822 CHA,EC 621.3822 GON
SECOND,ENGINEERING REFERENCE,2,11,1,EC,EC 621.3822 GRA,EC 621.3822 KUM
SECOND,ENGINEERING REFERENCE,2,11,2,EC,EC 621.3822 KUO,EC 621.3822 PAL
SECOND,ENGINEERING REFERENCE,2,11,3,EC,EC 621.3822 PAL,EC 621.3822SAR
SECOND,ENGINEERING REFERENCE,2,11,4,EC,EC 621.3822 SAT,EC 621.3822 UDA
SECOND,ENGINEERING REFERENCE,2,12,1,EC,EC 621.3822 VAN,EC 621.38223 CAR
SECOND,ENGINEERING REFERENCE,2,12,2,EC,EC 621.38223 CHA,EC 621.38223 KUM
SECOND,ENGINEERING REFERENCE,2,12,2,EC,EC 621.38223 LIN,EC 621.38223 ZIE
SECOND,ENGINEERING REFERENCE,2,12,4,EC,EC 621.38223015 COO,EC 621.3825 GAG
SECOND,ENGINEERING REFERENCE,2,13,1,EC,EC 621.38254 PRI,EC 621.38275 MIS
SECOND,ENGINEERING REFERENCE,2,13,2,EC,EC 621.38275 MYN,EC 621.384 STE
SECOND,ENGINEERING REFERENCE,2,13,3,EC,EC 621.38411 BAS,EC 621.3848 EDD
SECOND,ENGINEERING REFERENCE,2,13,4,EC,EC 621.3848 PEE,EC 621.38483 KRA/A
SECOND,ENGINEERING REFERENCE,2,14,1,EC,EC 621.38483 KRA,EC 621.388 GUL/M
SECOND,ENGINEERING REFERENCE,2,14,2,EC,EC 621.388 GUP,EC 621.3916 AYE
SECOND,ENGINEERING REFERENCE,2,14,3,EC,EC 621.3916 BAH,EC 621.3916 GIL
SECOND,ENGINEERING REFERENCE,2,14,4,EC,EC 621.3916 GOD,EC 621.3916 MAR
SECOND,ENGINEERING REFERENCE,2,15,1,EC,EC 621.3916 MAT,EC 621.3916 RAJ
SECOND,ENGINEERING REFERENCE,2,15,2,EC,EC 621.3916 RAJ,EC 621.3916 TRI
SECOND,ENGINEERING REFERENCE,2,15,3,EC,EC 621.3916 TRI,EC 621.392 ASH
SECOND,ENGINEERING REFERENCE,2,15,4,EC,EC 621.392 BOT,EC 621.3916 ARM
SECOND,ENGINEERING REFERENCE,2,16,1,EC,EC 621.395 ASH/D,EC 621.395 DUE
SECOND,ENGINEERING REFERENCE,2,16,2,EC,EC 621.395 EDW,EC 621.395 KAR
SECOND,ENGINEERING REFERENCE,2,16,3,EC,EC 621.395 KHA,EC 621.395 PAL
SECOND,ENGINEERING REFERENCE,2,16,4,EC,EC 621.395 PAR,EC 621.395 SZE
SECOND,ENGINEERING REFERENCE,2,17,1,EC,EC 621.395 TAU,EC 621.395 WOL/M
SECOND,ENGINEERING REFERENCE,2,17,2,EC,EC 621.395 YAN,EC 621.3981 PAR
SECOND,ENGINEERING REFERENCE,2,17,3,EC,EC 621.3981 PEA,EC 629.89 HUA
SECOND,ENGINEERING REFERENCE,2,17,4,EC,EC 629.895 BEN,EC 910.285 KUM
SECOND,ENGINEERING REFERENCE,2,18,1,EI,EI 003.74 BAY,EI 543.081 SKO
SECOND,ENGINEERING REFERENCE,2,18,2,EI,EI 543.081 SKO/I,EI 610.284 WIS
SECOND,ENGINEERING REFERENCE,2,18,3,EI,EI 610.285 TOM,EI 620.0044 SAW
SECOND,ENGINEERING REFERENCE,2,18,4,EI,EI 620.106 RAT ,EI 621.374 NEU
SECOND,ENGINEERING REFERENCE,2,19,1,EI,EI 621.374 WIT,EI 621.38154 DHI
SECOND,ENGINEERING REFERENCE,2,19,2,EI,EI 621.38154 FOW,EI 621.38154 KRI
SECOND,ENGINEERING REFERENCE,2,19,3,EI,EI 621.38154 MOR,EI 621.38154 NJA
SECOND,ENGINEERING REFERENCE,2,19,4,EI,EI 621.38154 NOL,EI 621.38154 RAN
SECOND,ENGINEERING REFERENCE,2,20,1,EI,EI 621.38154 SAW,EI 621.483 GUP
SECOND,ENGINEERING REFERENCE,2,20,2,EI,EI 621.483 NAG,EI 629.8 HAR
SECOND,ENGINEERING REFERENCE,2,20,3,EI,EI 629.8 JOH,EI 629.836 HAN
SECOND,ENGINEERING REFERENCE,2,20,4,EI,EI 629.89 DUN,EI 629.892 CRA
SECOND,ENGINEERING REFERENCE,2,21,1,EI,EI 629.892 DEB,EI 629.892 SCH
SECOND,ENGINEERING REFERENCE,2,21,2,EI,EI 629.892 SIC,EI 660.2815 BHA
SECOND,ENGINEERING REFERENCE,2,21,3,EI,EI 660.2815 CHI,EI 670.427 PES
SECOND,ENGINEERING REFERENCE,2,21,4,EI,EI 670.4275 DES,EI 681.3815 KHA
SECOND,ENGINEERING REFERENCE,2,22,1,EE,EE 004.2 NAG,EE 621.3 EDM
SECOND,ENGINEERING REFERENCE,2,22,2,EE,EE 621.3 FIT,EE 621.3 NAG
SECOND,ENGINEERING REFERENCE,2,22,3,EE,EE 621.3 NAG,EE 621.301592 THE
SECOND,ENGINEERING REFERENCE,2,22,4,EE,EE 621.30289 RAO,EE 621.31 GNA
SECOND,ENGINEERING REFERENCE,2,23,1,EE,EE 621.31 GNA,EE 621.31 MIL
SECOND,ENGINEERING REFERENCE,2,23,2,EE,EE 621.31 NAT,EE 621.31 THY
SECOND,ENGINEERING REFERENCE,2,23,3,EE,EE 621.31 TOR,EE 621.31042 SIM
SECOND,ENGINEERING REFERENCE,2,23,4,EE,EE 621.310 42 CAT,EE  621.31042 KOT
SECOND,ENGINEERING REFERENCE,2,24,1,EE,EE 621.31042 KOT,EE 621.31042 RAJ
SECOND,ENGINEERING REFERENCE,2,24,2,EE,EE 621.31042 RAM,EE 621.31042 WIL
SECOND,ENGINEERING REFERENCE,2,24,3,EE,EE 621.31042 WIL,EE 621.3121 GON
SECOND,ENGINEERING REFERENCE,2,24,4,EE,EE 621.3121 GRO,EE 621.3121 PAD
SECOND,ENGINEERING REFERENCE,2,25,1,EE,EE 621.3121 RAJ,EE 621.3121 UHL
SECOND,ENGINEERING REFERENCE,2,25,2,EE,EE 621.3121 UPP,EE 621.313 PRA
SECOND,ENGINEERING REFERENCE,2,25,3,EE,EE 621.315 TAG,EE 621.317 ELM
SECOND,ENGINEERING REFERENCE,2,25,4,EE,EE 621.317 ERI,EE 621.317 LUO
SECOND,ENGINEERING REFERENCE,2,26,1,EE,EE 621.317 MAN,EE 621.317  SAC
SECOND,ENGINEERING REFERENCE,2,26,2,EE,EE 621.317 SEN,EE 621.317 WAN
SECOND,ENGINEERING REFERENCE,2,26,3,EE,EE 621.319 CHI,EE 621.3192 ALE
SECOND,ENGINEERING REFERENCE,2,26,4,EE,EE 621.3192 ARA,EE 621.3192 DES
SECOND,ENGINEERING REFERENCE,2,27,1,EE,EE 621.3192 DHU,EE 621.3192 NAH
SECOND,ENGINEERING REFERENCE,2,27,2,EE,EE 621.3192 NAR,EE 621.31924 UPP
SECOND,ENGINEERING REFERENCE,2,27,3,EE,EE 621.31937 RAM,EE 621.47 SAR
SECOND,ENGINEERING REFERENCE,2,27,4,EE,EE 621.471 SUK,EE 629.83 ANA
SECOND,ENGINEERING REFERENCE,2,28,1,EE,EE 629.83 APP,EE 629.83 GOP
SECOND,ENGINEERING REFERENCE,2,28,2,EE,EE 629.83 GOP,EE 629.83 NAG
SECOND,ENGINEERING REFERENCE,2,28,3,EE,EE 629.83 NAK,EE 629.83 SIV
SECOND,ENGINEERING REFERENCE,2,28,4,EE,EE 629.83 SIV,EE 981.2 NAG
SECOND,ENGINEERING REFERENCE,2,29,1,CS,CS 025.04 KAS,CS 004 BOS
SECOND,ENGINEERING REFERENCE,2,29,2,CS,CS 004 COH,CS 004 NAG
SECOND,ENGINEERING REFERENCE,2,29,3,CS,CS 004 NOR,CS 004 WIL
SECOND,ENGINEERING REFERENCE,2,29,4,CS,CS 004 WIL,CS 004.16 MIL
SECOND,ENGINEERING REFERENCE,2,30,1,CS,CS 004.16 MIM,CS 004.2 LAP
SECOND,ENGINEERING REFERENCE,2,30,2,CS,CS 004.2 LEE,CS 004.22 BUR
SECOND,ENGINEERING REFERENCE,2,30,3,CS,CS 004.22 CAR,CS 004.22 INM
SECOND,ENGINEERING REFERENCE,2,30,4,CS,CS 004.22 INM,CS 004.22 STA
SECOND,ENGINEERING REFERENCE,2,31,1,CS,CS 004.22 TAN,CS 004.36 COU
SECOND,ENGINEERING REFERENCE,2,31,2,CS,CS 004.36 CRI,CS 004.6 GUP
SECOND,ENGINEERING REFERENCE,2,31,3,CS,CS 004.6 HAN,CS 004.60288 BIG
SECOND,ENGINEERING REFERENCE,2,31,4,CS,CS 004.6076 LAM,CS 004.62 TUL
SECOND,ENGINEERING REFERENCE,2,32,1,CS,CS 004.622 ODO,CS 004.65 HAL
SECOND,ENGINEERING REFERENCE,2,32,2,CS,CS 004.65 HEL,CS 004.65 PET
SECOND,ENGINEERING REFERENCE,2,32,3,CS,CS 004.65 ROB,CS 004.678 DEI
SECOND,ENGINEERING REFERENCE,2,32,4,CS,CS 004.678 DEI,CS 004678 WAY
SECOND,ENGINEERING REFERENCE,2,33,1,CS,CS 004.678 PRI,CS 005.1 BRA
SECOND,ENGINEERING REFERENCE,2,33,2,CS,CS 005.1 COR,CS 005.1 SPA
SECOND,ENGINEERING REFERENCE,2,33,3,CS,CS 005.1 SUB,CS 005.11 PET
SECOND,ENGINEERING REFERENCE,2,33,4,CS,CS 005.11 PFL,CS 005.117 BOO
SECOND,ENGINEERING REFERENCE,2,34,1,CS,CS 005.117 BOO,CS 005.12 BRO
SECOND,ENGINEERING REFERENCE,2,34,2,CS,CS 005.12 HAM,CS 005.131 NAS
SECOND,ENGINEERING REFERENCE,2,34,3,CS,CS 005.131 MAR,CS 005.133 PRA/P
SECOND,ENGINEERING REFERENCE,2,34,4,CS,CS 005.133 RAO,CS 005.133 B AZA
SECOND,ENGINEERING REFERENCE,2,35,1,CS,CS 005.133 C KAN/W,CS 005.133 C GOP
SECOND,ENGINEERING REFERENCE,2,35,2,CS,CS  005.133 C GOT,CS 005.133 C KAN
SECOND,ENGINEERING REFERENCE,2,36,1,CS,CS 005.133 C KAN,CS005.133 C PON
SECOND,ENGINEERING REFERENCE,2,36,2,CS,CS 005.133 C PRE,CS 005.133 C SCH
SECOND,ENGINEERING REFERENCE,2,37,1,CS,CS 005.133 CB PHI,CS 005.133 J BAI
SECOND,ENGINEERING REFERENCE,2,37,2,CS,CS 005.133 J BAL,CS 005.133 J DOK
SECOND,ENGINEERING REFERENCE,2,37,3,CS,CS 005.133 J DUF,CS 005.133 J HUN
SECOND,ENGINEERING REFERENCE,2,37,4,CS,CS 005.133 J JAI,CS 005.133 J ORC
SECOND,ENGINEERING REFERENCE,2,37,5,CS,CS 005.133 J PAN,CS 005.133 J SIP
SECOND,ENGINEERING REFERENCE,2,39,1,CS,CS 005.133 J WIL,CS 005.133 PY HEL
SECOND,ENGINEERING REFERENCE,2,39,2,CS,CS 005.133 PY MAR,CS 005.144 CAR
SECOND,ENGINEERING REFERENCE,2,39,3,CS,CS 005.2 LYN,CS 005.276 FOS
SECOND,ENGINEERING REFERENCE,2,39,4,CS,CS 005.276 KOG,CS 005.276 KOG
SECOND,ENGINEERING REFERENCE,2,40,1,CS,CS 005.2762 BRO,CS 005.369 GER
SECOND,ENGINEERING REFERENCE,2,40,2,CS,CS 005.369 KOG,CS 005.432 BAR
SECOND,ENGINEERING REFERENCE,2,40,3,CS,CS 005.432 GEO,CS 005.432 PET
SECOND,ENGINEERING REFERENCE,2,40,4,CS,CS 005.432 PRI,CS 005.432 SHE
SECOND,ENGINEERING REFERENCE,2,41,1,CS,CS 005.432 L BAU,CS 005.432 L WEL
SECOND,ENGINEERING REFERENCE,2,41,2,CS,CS 005.432 U BAC,CS 005.432 U STE
SECOND,ENGINEERING REFERENCE,2,41,3,CS,CS 005.432 U STE,CS 005.432 WI THU
SECOND,ENGINEERING REFERENCE,2,41,4,CS,CS 005.437 SHN,CS 005.453 HOL
SECOND,ENGINEERING REFERENCE,2,42,1,CS,CS 005.453 KAK,CS 005.73 BAL
SECOND,ENGINEERING REFERENCE,2,42,2,CS,CS 005.73 COL,CS 005.73 TRE
SECOND,ENGINEERING REFERENCE,2,42,3,CS,CS 005.73 WAI,CS 005.73 C
SECOND,ENGINEERING REFERENCE,2,43,1,CS,CS 005.74 DAT,CS 005.74 HAN
SECOND,ENGINEERING REFERENCE,2,43,2,CS,CS 005.74 ITL,CS 005.74 PRA
SECOND,ENGINEERING REFERENCE,2,43,3,CS,CS 005.74 RAM,CS 005.74 C
SECOND,ENGINEERING REFERENCE,2,43,4,CS,CS 005.74068 REE,CS 005.75 JAI
SECOND,ENGINEERING REFERENCE,2,44,1,CS,CS 005.75 KNI,CS 005.7565 GEH
SECOND,ENGINEERING REFERENCE,2,44,2,CS,CS 005.8 BRA,CS 005.8 SOS
SECOND,ENGINEERING REFERENCE,2,44,3,CS,CS 005.8 STA,CS 005.82 STA
SECOND,ENGINEERING REFERENCE,2,45,1,CS,CS 005.82 STI,CS 006.3 KON
SECOND,ENGINEERING REFERENCE,2,45,2,CS,CS 006.3 LUG,CS 006.312 WEI
SECOND,ENGINEERING REFERENCE,2,45,3,CS,CS 006.32 AMI,CS 006.320 BIS
SECOND,ENGINEERING REFERENCE,2,45,4,CS,CS 006.33 ERM,CS 006.5 QUA
SECOND,ENGINEERING REFERENCE,2,46,1,CS,CS 006.6 AST,CS 006.6 XIA
SECOND,ENGINEERING REFERENCE,2,46,2,CS,CS 006.66 ANG,CS 006.7 HIL
SECOND,ENGINEERING REFERENCE,2,46,3,CS,CS 006.7 JEF,CS 006.7422 H SCH
SECOND,ENGINEERING REFERENCE,2,46,4,CS,CS 006.76 DAR,CS 006.77 MCK
SECOND,ENGINEERING REFERENCE,2,47,1,CS,CS 006.78 BOR,CS 512 MOT
SECOND,ENGINEERING REFERENCE,2,47,2,CS,CS 518.1 MUT,CS 621.391 DAN
SECOND,ENGINEERING REFERENCE,2,47,3,CS,CS 621.395 KAM,CS 670.285 GRO
SECOND,ENGINEERING REFERENCE,2,47,4,CS,CS 670.285 NAN,CS 910.285 HEY
SECOND,ENGINEERING REFERENCE,2,48,1,ME,ME 006 BUR,ME 530.8 DOT
SECOND,ENGINEERING REFERENCE,2,48,2,ME,ME 531.015352 FOW,ME 604.2 AGR
SECOND,ENGINEERING REFERENCE,2,48,3,ME,ME 604.2 ANI,ME 604.2 JOH
SECOND,ENGINEERING REFERENCE,2,48,4,ME,ME 604.2 JOH,ME 604.2 PHA
SECOND,ENGINEERING REFERENCE,2,49,1,ME,ME 604.2 SHA,ME 620 GHO
SECOND,ENGINEERING REFERENCE,2,49,2,ME,ME 620 HMT,ME 620.0015 SIN
SECOND,ENGINEERING REFERENCE,2,49,3,ME,ME 620.00151 MAD,ME 620.0042 MOU
SECOND,ENGINEERING REFERENCE,2,49,4,ME,ME 620.0042 SUH,ME 620.00452 SRI
SECOND,ENGINEERING REFERENCE,2,50,1,ME,ME 620.1 BAV,ME 620.1 HIB/E
SECOND,ENGINEERING REFERENCE,2,50,2,ME,ME 620.1 JIN,ME 620.1 RAJ
SECOND,ENGINEERING REFERENCE,2,50,3,ME,ME 620.1 RAJ,ME 620.1 TIM
SECOND,ENGINEERING REFERENCE,2,50,4,ME,ME 620.1 VEL,ME 620.105 KAZ
SECOND,ENGINEERING REFERENCE,2,51,1,ME,ME 620.106 AGR,ME 620.106 KOT
SECOND,ENGINEERING REFERENCE,2,51,2,ME,ME 620.106 KUM,ME 620.106 TRU
SECOND,ENGINEERING REFERENCE,2,51,3,ME,ME 620.106 WHI,ME 620.11 AGR
SECOND,ENGINEERING REFERENCE,2,51,4,ME,ME 620.11 ARU,ME 620.11 NIT
SECOND,ENGINEERING REFERENCE,2,52,1,ME,ME 620.11 PAL,ME 620.112 CAS
SECOND,ENGINEERING REFERENCE,2,52,2,ME,ME 620.112 HAR,ME 620.112 TIM
SECOND,ENGINEERING REFERENCE,2,52,3,ME,ME 620.112 VGV,ME 620.3 DUK
SECOND,ENGINEERING REFERENCE,2,52,4,ME,ME 620.3 DUK,ME 621 BEN
SECOND,ENGINEERING REFERENCE,2,53,1,ME,ME 621 BHR,ME 621 SAW
SECOND,ENGINEERING REFERENCE,2,53,2,ME,ME 621 SAW/F,ME 621.078 BAW/V.2
SECOND,ENGINEERING REFERENCE,2,53,3,ME,ME 621.078 KHU,ME 621.2 MOD
SECOND,ENGINEERING REFERENCE,2,53,4,ME,ME 621.2 MOH,ME 621.317 LYS
SECOND,ENGINEERING REFERENCE,2,54,1,ME,ME 621.402 BAL,ME 621.402 RAP
SECOND,ENGINEERING REFERENCE,2,54,2,ME,ME 621.402 SOM,ME 621.4021 JEY
SECOND,ENGINEERING REFERENCE,2,54,3,ME,ME 621.4021 JON,ME 621.4021 ROG
SECOND,ENGINEERING REFERENCE,2,54,4,ME,ME 621.4021 RUS,ME 621.4022 INC
SECOND,ENGINEERING REFERENCE,2,55,1,ME,ME 621.4022 INC,ME 621.4022 SHA
SECOND,ENGINEERING REFERENCE,2,55,2,ME,ME 621.4022 SHA,ME 621.406 RAO
SECOND,ENGINEERING REFERENCE,2,55,3,ME,ME 621.406 TUR,ME 621.483 ELA
SECOND,ENGINEERING REFERENCE,2,55,4,ME,ME 621.483 ELW,ME 621.7 VEN
SECOND,ENGINEERING REFERENCE,2,56,1,ME,ME 621.8 ADI,ME 621.8 RAT
SECOND,ENGINEERING REFERENCE,2,56,2,ME,ME 621.8 RAT,ME 621.811 HAN
SECOND,ENGINEERING REFERENCE,2,56,3,ME,ME 621.815 BHA,ME 621.815 JAL
SECOND,ENGINEERING REFERENCE,2,56,4,ME,ME 621.815 JIN,ME 621.815 MAI
SECOND,ENGINEERING REFERENCE,2,57,1,ME,ME 621.815 NOR,ME 621.89 GHO
SECOND,ENGINEERING REFERENCE,2,57,2,ME,ME 621.89 STA,ME 621.9023 MEH
SECOND,ENGINEERING REFERENCE,2,57,3,ME,ME 621.94 CEN/T,ME 625.11 BUD
SECOND,ENGINEERING REFERENCE,2,57,4,ME,ME 625.11 BUD,ME 629.2 HEI
SECOND,ENGINEERING REFERENCE,2,58,1,ME,ME 629.2 RAM,ME 629.8 BOL
SECOND,ENGINEERING REFERENCE,2,58,2,ME,ME 629.8 BIL,ME 658.2 ROS
SECOND,ENGINEERING REFERENCE,2,58,3,ME,ME 658.4002462 BAB,ME 669.142 CHA
SECOND,ENGINEERING REFERENCE,2,58,4,ME,ME 669.142 GHO,ME 669.94 CLA
SECOND,ENGINEERING REFERENCE,2,59,1,ME,ME 670 BEN,ME 670.285 KRI
SECOND,ENGINEERING REFERENCE,2,59,2,ME,ME 670.285 NAR,ME 670.427 KOR
SECOND,ENGINEERING REFERENCE,2,59,3,ME,ME 670.427 PES,ME 671.35 YOU
SECOND,ENGINEERING REFERENCE,2,59,4,ME,ME 671.5 JUN,ME 697.93 JON
SECOND,ENGINEERING REFERENCE,2,60,1,EM,EM 330 AGA,EM 330.954 RAY
SECOND,ENGINEERING REFERENCE,2,60,2,EM,EM 333.7 KOL,EM 628 PEA
SECOND,ENGINEERING REFERENCE,2,60,3,MG,MG 001.42 CHA,MG 650 NAR
SECOND,ENGINEERING REFERENCE,2,60,4,MG,MG 650 PEE,MG 658.40024 MOR
SECOND,ENGINEERING REFERENCE,2,61,1,MG,MG 658.4012 NAA,MG 658.4013 PAR
SECOND,ENGINEERING REFERENCE,2,61,2,MG,MG 658.4038 WEB,MG 658.404 CHA
SECOND,ENGINEERING REFERENCE,2,61,3,MG,MG 658.404 CHO,MG 658.5 KHA
SECOND,ENGINEERING REFERENCE,2,61,4,MG,MG 658.5 KHA,MG 725.4 TOM
SECOND,ENGINEERING REFERENCE,2,62,1,CE,CE 324.0221 SIN,CE 526.9 GOP
SECOND,ENGINEERING REFERENCE,2,62,2,CE,CE 526.9 MOF,CE 551 SIN
SECOND,ENGINEERING REFERENCE,2,62,3,CE,CE 552 EHL,CE 620.001 515 PEP
SECOND,ENGINEERING REFERENCE,2,62,4,CE,CE 620.112 BHA,CE 620.112 RAO
SECOND,ENGINEERING REFERENCE,2,63,1,CE,CE 620.112 SIN,CE 621.2 NAL
SECOND,ENGINEERING REFERENCE,2,63,2,CE,CE 621.2 MOD,CE 624 RAN
SECOND,ENGINEERING REFERENCE,2,63,3,CE,CE 624 POT,CE 624.0299 RAI
SECOND,ENGINEERING REFERENCE,2,63,4,CE,CE 624.1 PUR,CE 624.151 DAS/P
SECOND,ENGINEERING REFERENCE,2,64,1,CE,CE 624.151 GUL , CE 624.15136 SHE
SECOND,ENGINEERING REFERENCE,2,64,2,CE,CE 624.17 ARY,CE 624.171 MEN
SECOND,ENGINEERING REFERENCE,2,64,3,CE,CE 624.171 MUK,CE 624.171 SHA/V.1
SECOND,ENGINEERING REFERENCE,2,64,4,CE,CE 624.171 THA,CE 624.1773 WEA
SECOND,ENGINEERING REFERENCE,2,65,1,CE,CE 624.18 KRI,CE 624.1821 GHO
SECOND,ENGINEERING REFERENCE,2,65,2,CE,CE 624.1821 GAY,CE 624.1821 SUB
SECOND,ENGINEERING REFERENCE,2,65,3,CE,CE 624.1834 BHA,CE 624.18341 PUN/R
SECOND,ENGINEERING REFERENCE,2,65,4,CE,CE 624.18341 RAJ,CE 624.183412 RAJ
SECOND,ENGINEERING REFERENCE,2,66,1,CE,CE 624.193 CHA,CE 625.7 SRI
SECOND,ENGINEERING REFERENCE,2,66,2,CE,CE 625.7 SHA,CE 627.52 PUN
SECOND,ENGINEERING REFERENCE,2,66,3,CE,CE 627.52 RAG,CE 628.1 RAN
SECOND,ENGINEERING REFERENCE,2,66,4,CE,CE 628.3 DAV,CE 629.136 HOR
SECOND,ENGINEERING REFERENCE,2,67,1,CE,CE 629.136 KHA,CE 690 EMM
SECOND,ENGINEERING REFERENCE,2,67,2,CE,CE 690 JHA,CE 690.023 KAN
SECOND,ENGINEERING REFERENCE,2,67,3,CE,CE 690.023 PHI,CE 693.1 TAL
SECOND,ENGINEERING REFERENCE,2,67,4,CE,CE 693.5 GAH,CE 910.285 YEU
SECOND,ENGINEERING REFERENCE,2,68,1,PH,PH 530 ABH/V.2,PH 530.02462 GAU
SECOND,ENGINEERING REFERENCE,2,68,2,PH,PH 530.02462 GOP,PH 531.1133 SIR
SECOND,ENGINEERING REFERENCE,2,68,3,PH,PH 530.15 CHA,PH 535.52 SEA
SECOND,ENGINEERING REFERENCE,2,68,4,PH,PH 537 PAR,PH 681.2 RAM
SECOND,ENGINEERING REFERENCE,2,69,1,CH,CH 540 COO,CH 540.02462 QAN
SECOND,ENGINEERING REFERENCE,2,69,2,CH,CH 540.2462 RAD,CH 543.08 ROB
SECOND,ENGINEERING REFERENCE,2,69,3,CH,CH 543.0858 JAI,CH 577.14 WIL
SECOND,ENGINEERING REFERENCE,2,69,4,CH,CH 611.01816 NUN , CH 665.53 MAL
SECOND,ENGINEERING REFERENCE,2,70,1,MH,MH 510 BAY,MH 510.024 62 BAT
SECOND,ENGINEERING REFERENCE,2,70,2,MH,MH 510.02462 CHA/V.1,MH 510.0262 GRE/H
SECOND,ENGINEERING REFERENCE,2,70,3,MH,MH 510.02462 GRE/H,MH 510.02462 MUK
SECOND,ENGINEERING REFERENCE,2,70,4,MH,MH 510.02462 ONE,MH 510.02462 RAM
SECOND,ENGINEERING REFERENCE,2,71,1,MH,MH 510.02462 RAM,MH 510.02462 TAN/V.2
SECOND,ENGINEERING REFERENCE,2,71,2,MH,MH 510.02462 VEE,MH 510.78 DAT
SECOND,ENGINEERING REFERENCE,2,71,3,MH,MH 511 BHA,MH 511.3 MIC
SECOND,ENGINEERING REFERENCE,2,71,4,MH,MH 511.3 NGU,MH 511.6 KRI
SECOND,ENGINEERING REFERENCE,2,72,1,MH,MH 511.605 APT,MH 512 CHO
SECOND,ENGINEERING REFERENCE,2,72,2,MH,MH 512 GAN,MH 512 KOS
SECOND,ENGINEERING REFERENCE,2,72,3,MH,MH 512 LIU,MH 512.02 BHA
SECOND,ENGINEERING REFERENCE,2,72,4,MH,MH 512.02 CHA,MH 512.5 CHE
SECOND,ENGINEERING REFERENCE,2,73,1,MH,MH 512.5 DAT,MH 512.9434 BHA
SECOND,ENGINEERING REFERENCE,2,73,2,MH,MH 514 MUN,MH 515 THO
SECOND,ENGINEERING REFERENCE,2,73,3,MH,MH 515.076 KAC,MH 515.35 DEO
SECOND,ENGINEERING REFERENCE,2,73,4,MH,MH 515.35 HIR,MH 515.6 BAL
SECOND,ENGINEERING REFERENCE,2,74,1,MH,MH 515.6 BUR,MH 515.63 SPI
SECOND,ENGINEERING REFERENCE,2,74,2,MH,MH 515.63 SRI,MH 515.9 JEF
SECOND,ENGINEERING REFERENCE,2,74,3,MH,MH 515.9 KAS,MH 519.02462 BHI
SECOND,ENGINEERING REFERENCE,2,74,4,MH,MH 519.02462 DUK,MH 519.2 HOG
SECOND,ENGINEERING REFERENCE,2,75,1,MH,MH 519.2 HSU,MH 519.3 BEL
SECOND,ENGINEERING REFERENCE,2,75,2,MH,MH 519.3 DEB,MH 519.5 PEL
SECOND,ENGINEERING REFERENCE,2,75,3,MH,MH 519.536 MON,MH 519.7 RAR
SECOND,ENGINEERING REFERENCE,2,75,4,MH,MH 519.7 SWA,MH 519.72 BAZ
